Company Name,Symbol,Share Volume,Trade Volume,Previous Close (Rs.),Open (Rs.),High (Rs.),Low (Rs.),**Last Trade (Rs.),Change(Rs),Change (%)
ABANS ELECTRICALS PLC,ABAN.N0000,7675,149,1162,1170,1199.25,1150,1156.25,-5.75,-0.49
ABANS FINANCE PLC,AFSL.N0000,535,6,70,68.5,68.5,68.5,68.5,-1.5,-2.14
ACCESS ENGINEERING PLC,AEL.N0000,2539545,278,60.9,61.1,62.5,61,61.9,1,1.64
ACL CABLES PLC,ACL.N0000,576237,318,207.5,209,215.5,208,213.5,6,2.89
ACL PLASTICS PLC,APLA.N0000,7020,130,1446,1450,1525,1450,1505.25,59.25,4.1
ACME PRINTING & PACKAGING PLC,ACME.N0000,69055,26,6.8,6.9,6.9,6.6,6.9,0.1,1.47
AGALAWATTE PLANTATIONS PLC,AGAL.N0000,50945,68,67,67,67.8,66.5,66.7,-0.3,-0.45
Agarapatana Plantations PLC,AGPL.N0000,191377,85,23.8,23.8,24.1,23.6,23.7,-0.1,-0.42
AGSTAR PLC,AGST.N0000,1089033,110,9.1,9.2,9.3,9,9.1,0,0
AGSTAR PLC,AGST.X0000,170576,86,12.3,12.4,14.7,11.3,13.4,1.1,8.94
AITKEN SPENCE HOTEL HOLDINGS PLC,AHUN.N0000,256793,160,120.5,121,122,119.5,121.75,1.25,1.04
AITKEN SPENCE PLC,SPEN.N0000,417962,59,161.5,161.75,163,160,160,-1.5,-0.93
ALLIANCE FINANCE COMPANY PLC,ALLI.N0000,11350,45,396.75,400,405,395,399.25,2.5,0.63
ALPHA FIRE SERVICES PLC,AFS.N0000,28290,46,27.1,27.8,27.8,26,26.5,-0.6,-2.21
ALUMEX PLC,ALUM.N0000,5254415,544,21.3,21.5,22.3,21.5,22.2,0.9,4.23
AMANA BANK PLC,ABL.N0000,270972,132,27.4,27,27.5,27,27.4,0,0
AMANA TAKAFUL LIFE PLC,ATLL.N0000,123,5,50.3,47.6,50.2,47.6,49.3,-1,-1.99
AMANA TAKAFUL PLC,ATL.N0000,4360,8,22.4,22.4,23.5,22.4,23.4,1,4.46
AMBEON CAPITAL PLC,TAP.N0000,13154350,1450,32.4,32.6,35.2,32.6,34.9,2.5,7.72
AMBEON HOLDINGS PLC,GREG.N0000,65056,135,123.5,123.5,132,123.5,128.75,5.25,4.25
ARPICO INSURANCE PLC,AINS.N0000,1800,12,37.2,37.6,37.6,36.2,36.3,-0.9,-2.42
ASIA ASSET FINANCE PLC,AAF.N0000,248545,121,63.8,64,64.8,62,63.3,-0.5,-0.78
ASIA CAPITAL PLC,ACAP.N0000,39972,25,4.7,4.7,4.8,4.5,4.8,0.1,2.13
ASIA SIYAKA COMMODITIES LIMITED,ASIY.N0000,690494,101,9.6,9.5,9.8,9.3,9.3,-0.3,-3.13
ASIAN HOTELS AND PROPERTIES PLC,AHPL.N0000,13210,14,67,68.4,68.4,66.3,66.8,-0.2,-0.3
ASIRI HOSPITAL HOLDINGS PLC,ASIR.N0000,11171,31,36.8,37.5,37.5,35.7,36.7,-0.1,-0.27
ASIRI SURGICAL HOSPITAL PLC,AMSL.N0000,22074,46,13.7,14.2,14.2,13.5,13.7,0,0
ASSOCIATED MOTOR FINANCE COMPANY PLC,AMF.N0000,443377,667,74.4,74.1,74.1,68.8,72.6,-1.8,-2.42
B P P L HOLDINGS PLC,BPPL.N0000,2058066,72,19.5,20,20.9,19.8,20.7,1.2,6.15
BAIRAHA FARMS PLC,BFL.N0000,50708,102,360.25,363,373,360,368.25,8,2.22
BALANGODA PLANTATIONS PLC,BALA.N0000,114393,44,105,105,107,103.75,104,-1,-0.95
BANSEI ROYAL RESORTS HIKKADUWA PLC,BRR.N0000,2120,6,24.8,24.5,24.5,24.3,24.4,-0.4,-1.61
BERUWALA RESORTS PLC,BERU.N0000,637730,64,4.1,4.1,4.2,4,4.1,0,0
BOGALA GRAPHITE LANKA PLC,BOGA.N0000,314028,288,80.3,82,87.5,80.5,84.7,4.4,5.48
BOGAWANTALAWA TEA ESTATES PLC,BOPL.N0000,10467,22,89.8,90.4,90.9,89.8,89.9,0.1,0.11
BROWN & COMPANY PLC,BRWN.N0000,21463,112,187,187,187,185,185.25,-1.75,-0.94
BROWNS BEACH HOTELS PLC,BBH.N0000,5777,34,27.3,27.3,27.3,26.3,27.1,-0.2,-0.73
BROWNS INVESTMENTS PLC,BIL.N0000,3282563,375,7.7,7.8,7.8,7.6,7.6,-0.1,-1.3
BUKIT DARAH PLC,BUKI.N0000,6614,23,1075.25,1090,1090,1002.75,1077,1.75,0.16
C I C HOLDINGS PLC,CIC.N0000,745998,215,169,169.5,171.75,169,169.75,0.75,0.44
C I C HOLDINGS PLC,CIC.X0000,454559,179,129.25,129.75,131,128,129.75,0.5,0.39
C M HOLDINGS PLC,COLO.N0000,409,17,484.25,487,487,466.75,467.25,-17,-3.51
C T HOLDINGS PLC,CTHR.N0000,13,3,672,688,698,688,672,0,0
C T LAND DEVELOPMENT PLC,CTLD.N0000,39549,91,36.1,36,36,35,35.1,-1,-2.77
C. W. MACKIE PLC,CWM.N0000,7617,26,122.75,124.5,124.5,123,123.25,0.5,0.41
CABLE SOLUTIONS PLC,CSLK.N0000,666979,105,15.2,15.3,15.4,15,15.3,0.1,0.66
CAL FIVE YEAR OPTIMUM FUND (“Units”),CALI.U0000,100,1,14,14,14,14,14,0,0
CAPITAL ALLIANCE HOLDINGS PLC,CALH.N0000,315207,92,17.8,17.9,18,17.7,17.8,0,0
CAPITAL ALLIANCE PLC,CALT.N0000,45599,148,52.5,53.9,53.9,52.5,52.9,0.4,0.76
CARGILLS (CEYLON) PLC,CARG.N0000,586,15,785.5,789.5,789.5,782,789.5,4,0.51
CARGILLS BANK PLC,CBNK.N0000,722289,212,9.5,9.6,9.6,9.2,9.3,-0.2,-2.11
CARGO BOAT DEVELOPMENT COMPANY PLC,CABO.N0000,6681,36,178.25,176.5,178,174,175.5,-2.75,-1.54
CARSON CUMBERBATCH PLC,CARS.N0000,3798,36,869.75,889.5,889.5,848,849,-20.75,-2.39
CENTRAL FINANCE COMPANY PLC,CFIN.N0000,215203,134,305,305.5,306.5,300,304.75,-0.25,-0.08
CENTRAL INDUSTRIES PLC,CIND.N0000,267969,227,210,210,215,210,213.5,3.5,1.67
CEYLINCO HOLDINGS PLC,CINS.N0000,65,2,3102.5,3125.5,3295,3125.5,3102.5,0,0
CEYLINCO HOLDINGS PLC,CINS.X0000,2833,10,1805,1824.75,1845,1810,1817,12,0.66
CEYLON COLD STORES PLC,CCS.N0000,395358,309,122.75,125,125,122.5,123,0.25,0.2
CEYLON GRAIN ELEVATORS PLC,GRAN.N0000,18654,96,365,360.25,380,360,370,5,1.37
CEYLON GUARDIAN INVESTMENT TRUST PLC,GUAR.N0000,13190,35,294.75,295,295,280.75,284.25,-10.5,-3.56
CEYLON HOSPITALS PLC,CHL.X0000,2526,28,160.75,151,158,150,150.25,-10.5,-6.53
CEYLON HOSPITALS PLC,CHL.N0000,180,8,188.5,181.25,188,181.25,187,-1.5,-0.8
CEYLON HOTELS CORPORATION PLC,CHOT.N0000,1366476,664,48.7,50,52,48,51.5,2.8,5.75
CEYLON INVESTMENT PLC,CINV.N0000,18012,52,132.75,133.75,133.75,132,132.25,-0.5,-0.38
CEYLON LAND & EQUITY PLC,KZOO.N0000,1385772,248,10.7,10.9,11.3,10.5,11,0.3,2.8
CEYLON TEA BROKERS PLC,CTBL.N0000,6525,23,8.2,8.2,8.4,8.2,8.3,0.1,1.22
CEYLON TOBACCO COMPANY PLC,CTC.N0000,17860,54,1651.5,1670,1674.25,1669,1670.25,18.75,1.14
CHEMANEX PLC,CHMX.N0000,4618,20,182,182.5,183,180,182.25,0.25,0.14
CHEVRON LUBRICANTS LANKA PLC,LLUB.N0000,306999,93,177,177,178,176,177.75,0.75,0.42
CHRISSWORLD PLC,CWL.N0000,55709,35,14.3,14.4,14.4,13.9,14,-0.3,-2.1
CITIZENS DEVELOPMENT BUSINESS FINANCE PLC,CDB.N0000,1917,24,386.5,395,395,375,385,-1.5,-0.39
CITIZENS DEVELOPMENT BUSINESS FINANCE PLC,CDB.X0000,18658,70,301.25,307.5,307.5,301.75,305.5,4.25,1.41
CITRUS LEISURE PLC,REEF.N0000,102146,38,4.4,4.4,4.4,4.2,4.3,-0.1,-2.27
Co-operative Insurance Company PLC,COOP.N0000,4896984,213,4.5,4.5,4.6,4.3,4.4,-0.1,-2.22
COLOMBO CITY HOLDINGS PLC,PHAR.N0000,6364,29,173.75,171.75,172.5,167.25,168,-5.75,-3.31
COLOMBO DOCKYARD PLC,DOCK.N0000,144331,378,140.25,140.25,142.5,130,132.5,-7.75,-5.53
COLOMBO FORT INVESTMENTS PLC,CFI.N0000,247,6,300,298,298,295,296.25,-3.75,-1.25
COLOMBO INVESTMENT TRUST PLC,CIT.N0000,423,15,332,347.25,350,337,339.75,7.75,2.33
COLOMBO LAND AND DEVELOPMENT COMPANY PLC,CLND.N0000,156377,51,41.9,42,42.9,41.4,41.6,-0.3,-0.72
COMMERCIAL BANK OF CEYLON PLC,COMB.X0000,53978,92,175.5,176,177,175,175.75,0.25,0.14
COMMERCIAL BANK OF CEYLON PLC,COMB.N0000,1889944,191,192.75,194,194,193,193.75,1,0.52
COMMERCIAL CREDIT AND FINANCE PLC,COCR.N0000,1056729,650,145.25,143,143,138,141,-4.25,-2.93
COMMERCIAL DEVELOPMENT COMPANY PLC,COMD.N0000,333,6,235.5,235.5,240,235.5,237.5,2,0.85
CONVENIENCE FOODS LANKA PLC,SOY.N0000,367,25,1995.75,1997.5,1998,1923,1991,-4.75,-0.24
DANKOTUWA PORCELAIN PLC,DPL.N0000,601712,355,19,19.5,19.5,18.8,18.9,-0.1,-0.53
DFCC BANK PLC,DFCC.N0000,216555,166,163.75,164,164.75,163.5,164.5,0.75,0.46
DIALOG AXIATA PLC,DIAL.N0000,1225479,218,27,27.6,27.6,27,27,0,0
DIALOG FINANCE PLC,CALF.N0000,165071,99,69.8,71.3,87,70,74.8,5,7.16
DIESEL & MOTOR ENGINEERING PLC,DIMO.N0000,10759,194,2070.75,2099.75,2247.5,2001,2184.75,114,5.51
DIGITAL MOBILITY SOLUTIONS LANKA PLC,PKME.N0000,66279,197,146,146.75,146.75,144,144.75,-1.25,-0.86
DILMAH CEYLON TEA COMPANY PLC,CTEA.N0000,20,4,1153.5,1180,1195,1170,1153.5,0,0
DIPPED PRODUCTS PLC,DIPD.N0000,1592688,273,67.1,67,67.3,66,67,-0.1,-0.15
DISTILLERIES COMPANY OF SRI LANKA PLC,DIST.N0000,545746,191,55,55.8,58,55.8,56.9,1.9,3.45
DOLPHIN HOTELS PLC,STAF.N0000,264599,181,66.4,66.4,68,66,66.1,-0.3,-0.45
E - CHANNELLING PLC,ECL.N0000,29637,12,15.8,15.9,16,15.8,15.8,0,0
E B CREASY & COMPANY PLC,EBCR.N0000,60471,47,68.8,69.5,69.5,68,68.2,-0.6,-0.87
E M L CONSULTANTS PLC,EML.N0000,79377,45,4.6,4.8,4.9,4.5,4.7,0.1,2.17
EAST WEST PROPERTIES PLC,EAST.N0000,267573,70,62.4,63,63.2,62.2,62.3,-0.1,-0.16
EASTERN MERCHANTS PLC,EMER.N0000,209982,84,10.5,10.6,11.6,10.5,11,0.5,4.76
EDEN HOTEL LANKA PLC,EDEN.N0000,115772,49,15,15.1,15.2,14.8,15,0,0
ELPITIYA PLANTATIONS PLC,ELPL.N0000,23671,86,207.25,205,211,201,209.75,2.5,1.21
EQUITY TWO PLC,ETWO.N0000,11247,42,86.4,86.4,88.2,82.9,83.1,-3.3,-3.82
Ex-pack Corrugated Cartons PLC,PACK.N0000,195037,37,15.1,15.3,15.3,14.9,15,-0.1,-0.66
EXTERMINATORS PLC,EXT.N0000,126622,25,8,8,8.1,7.9,8,0,0
FIRST CAPITAL HOLDINGS PLC,CFVF.N0000,143462,178,61.6,62,62,61.2,61.8,0.2,0.32
First Capital Treasuries PLC,FCT.N0000,548571,396,36.9,36.9,37,36.8,36.8,-0.1,-0.27
GALADARI HOTELS (LANKA) PLC,GHLL.N0000,15019685,982,20,20.2,21.7,20.2,21.5,1.5,7.5
GALLE FACE CAPITAL PARTNERS PLC,WAPO.N0000,150547,101,92,92,93,91.1,91.2,-0.8,-0.87
GESTETNER OF CEYLON PLC,GEST.N0000,5189,19,204,207,209.75,204,204.25,0.25,0.12
GREENTECH ENERGY PLC,MEL.N0000,257904,66,4.5,4.5,4.7,4.5,4.6,0.1,2.22
HAPUGASTENNE PLANTATIONS PLC,HAPU.N0000,35784,183,77.4,79.8,87.8,75,75.9,-1.5,-1.94
HARISCHANDRA MILLS PLC,HARI.N0000,69,11,4796.5,4480,4480,4450,4796.5,0,0
HATTON NATIONAL BANK PLC,HNB.X0000,424650,329,297,297,297,295,296,-1,-0.34
HATTON NATIONAL BANK PLC,HNB.N0000,270874,282,393.25,393.25,393.25,389.5,390,-3.25,-0.83
HATTON PLANTATIONS PLC,HPL.N0000,121940,76,32,32.5,32.7,31.5,31.6,-0.4,-1.25
HAYCARB PLC,HAYC.N0000,1150279,579,100.5,101.5,105.75,100.75,103.25,2.75,2.74
HAYLEYS FABRIC PLC,MGT.N0000,143372,145,44.2,44.3,44.3,43.8,44,-0.2,-0.45
HAYLEYS FIBRE PLC,HEXP.N0000,61503,40,94.4,94.5,98.8,94.5,95.2,0.8,0.85
HAYLEYS LEISURE PLC,CONN.N0000,205851,64,43.4,43.8,43.8,42.9,43.1,-0.3,-0.69
HAYLEYS PLC,HAYL.N0000,258487,188,186,185.25,188,185,186.25,0.25,0.13
HELA APPAREL HOLDINGS PLC,HELA.N0000,1446107,153,3.4,3.5,3.5,3.3,3.4,0,0
HEMAS HOLDINGS PLC,HHL.N0000,3885138,607,32.9,32.9,33.5,32.8,33.5,0.6,1.82
HIKKADUWA BEACH RESORT PLC,CITH.N0000,751411,69,3.5,3.5,3.6,3.4,3.5,0,0
HNB ASSURANCE PLC,HASU.N0000,10790,25,104,104,105,103.5,104,0,0
HNB FINANCE PLC,HNBF.N0000,778258,149,8.4,8.5,8.6,8.4,8.4,0,0
HNB FINANCE PLC,HNBF.X0000,1003165,103,8,8.2,8.2,7.9,8.1,0.1,1.25
HORANA PLANTATIONS PLC,HOPL.N0000,58668,116,68,68,69.5,65.1,66.2,-1.8,-2.65
HOTEL SIGIRIYA PLC,HSIG.N0000,55953,106,114.5,115.75,122,114,117.5,3,2.62
HOUSING DEVELOPMENT FINANCE CORPORATION BANK OF SL,HDFC.N0000,51203,84,43.5,43.6,43.6,42.6,43,-0.5,-1.15
hSenid Business Solutions PLC,HBS.N0000,77675,36,12,12.3,12.4,11.9,12,0,0
HUNAS HOLDINGS PLC,HUNA.N0000,36345,12,21,21.2,21.2,21,21.2,0.2,0.95
HUNTER & COMPANY PLC,HUNT.N0000,350,14,930.25,940,950,900,914,-16.25,-1.75
HVA FOODS PLC,HVA.N0000,24387,30,3.5,3.6,3.7,3.6,3.7,0.2,5.71
INDUSTRIAL ASPHALTS (CEYLON) PLC,ASPH.N0000,6355484,98,0.4,0.4,0.5,0.4,0.4,0,0
JANASHAKTHI FINANCE PLC,BFN.N0000,11442,36,47.6,47.5,49.5,46.6,47.2,-0.4,-0.84
JANASHAKTHI INSURANCE PLC,JINS.N0000,58234,71,122,122.75,123.25,121,121.75,-0.25,-0.2
JAT HOLDINGS PLC,JAT.N0000,372407,144,46.4,47,47,45.9,46.1,-0.3,-0.65
JETWING SYMPHONY PLC,JETS.N0000,1391616,255,21.8,21.9,22,21.3,21.5,-0.3,-1.38
JOHN KEELLS HOLDINGS PLC,JKH.N0000,3121223,510,22.2,22.2,22.4,22.1,22.3,0.1,0.45
JOHN KEELLS HOTELS PLC,KHL.N0000,510907,158,26.9,26.8,27.3,26.8,27,0.1,0.37
JOHN KEELLS PLC,JKL.N0000,453,12,87.5,87.5,87.5,84,86.1,-1.4,-1.6
KAHAWATTE PLANTATIONS PLC,KAHA.N0000,5847,18,25,24.9,24.9,24.1,24.4,-0.6,-2.4
KAPRUKA HOLDINGS PLC,KPHL.N0000,29518,24,8,8,8.4,7.9,8,0,0
KEELLS FOOD PRODUCTS PLC,KFP.N0000,326,8,163.75,169,169,163.75,168.75,5,3.05
KEGALLE PLANTATIONS PLC,KGAL.N0000,31806,113,150.25,148,148,140,140.5,-9.75,-6.49
KELANI CABLES PLC,KCAB.N0000,14094,153,1207,1210,1250,1170.25,1221,14,1.16
KELANI TYRES PLC,TYRE.N0000,81603,108,94.4,95,96.9,94.5,94.9,0.5,0.53
KELANI VALLEY PLANTATIONS PLC,KVAL.N0000,22272,87,100.25,101.5,101.5,98.1,99.6,-0.65,-0.65
KERNER HAUS GLOBAL SOLUTIONS PLC,CPRT.N0000,242,6,425,420,420,420,420,-5,-1.18
KOTAGALA PLANTATIONS PLC,KOTA.N0000,9742062,869,9.8,10,10.5,10,10.4,0.6,6.12
KOTAGALA PLANTATIONS PLC,KOTA.R0000,15511266,1913,0.8,0.8,1.9,0.8,1.7,0.9,112.5
KOTMALE HOLDINGS PLC,LAMB.N0000,102,16,689.75,651.5,725,651.5,714.25,24.5,3.55
L O L C HOLDINGS PLC,LOLC.N0000,17049,91,567.75,570,570,562.75,565.5,-2.25,-0.4
L V L ENERGY FUND PLC,LVEF.N0000,4267401,429,11.4,11.3,12,11.3,11.9,0.5,4.39
LAKE HOUSE PRINTERS & PUBLISHERS PLC,LPRT.N0000,579,14,314.75,314.75,318,314.5,315,0.25,0.08
LANKA ALUMINIUM INDUSTRIES PLC,LALU.N0000,284526,87,50,50,50.9,50,50.6,0.6,1.2
LANKA ASHOK LEYLAND PLC,ASHO.N0000,1204,97,3518.25,3500,3550,3260,3529.75,11.5,0.33
LANKA CERAMIC PLC,CERA.N0000,124,10,170,169,173.75,168,169.5,-0.5,-0.29
LANKA CREDIT AND BUSINESS FINANCE PLC,LCBF.N0000,18211299,558,6.3,6.4,7.2,6.4,6.9,0.6,9.52
LANKA IOC PLC,LIOC.N0000,643476,290,130.75,130.75,131,129,130,-0.75,-0.57
LANKA MILK FOODS (CWE) PLC,LMF.N0000,3506545,845,63.1,63.5,66.5,63.3,66.1,3,4.75
LANKA REALTY INVESTMENTS PLC,ASCO.N0000,222705,131,28,28.2,29,28,28.5,0.5,1.79
LANKA TILES PLC,TILE.N0000,85587,78,51.9,53,53,52.2,52.3,0.4,0.77
LANKA VENTURES PLC,LVEN.N0000,96517,80,79,81.9,81.9,77.5,79.3,0.3,0.38
LANKA WALLTILE PLC,LWL.N0000,2109865,107,53,53.3,53.3,51.5,51.9,-1.1,-2.08
LANKEM CEYLON PLC,LCEY.N0000,25576,44,109,109,110,108.5,109,0,0
LANKEM DEVELOPMENTS PLC,LDEV.N0000,187088,75,29.1,29.4,29.4,28.6,28.6,-0.5,-1.72
LAUGFS GAS PLC,LGL.N0000,46623,80,55.4,55.3,57.4,54.6,54.9,-0.5,-0.9
LAUGFS GAS PLC,LGL.X0000,14402,15,35,34.1,36,34.1,35.9,0.9,2.57
LAUGFS POWER PLC,LPL.X0000,17160,18,11.6,11.6,11.8,11.4,11.7,0.1,0.86
LAUGFS POWER PLC,LPL.N0000,68374,98,15.9,15.8,15.8,15.3,15.8,-0.1,-0.63
LAXAPANA PLC,LITE.N0000,4529,23,48.4,50,50,48.3,49.7,1.3,2.69
LB FINANCE PLC,LFIN.N0000,455419,221,151,151,153,149.5,151.25,0.25,0.17
LEE HEDGES PLC,SHAW.N0000,4926,23,185,183.25,199.25,181.5,188,3,1.62
LION BREWERY (CEYLON) PLC,LION.N0000,1294,8,1486,1452,1465,1452,1455,-31,-2.09
LOLC FINANCE PLC,LOFC.N0000,3002286,342,5.8,5.9,5.9,5.7,5.7,-0.1,-1.72
LOLC GENERAL INSURANCE PLC,LGIL.N0000,32083,43,8.7,8.8,8.8,8.7,8.7,0,0
LOTUS HYDRO POWER PLC,HPFL.N0000,50449,50,15.4,14.8,15.5,14.8,14.9,-0.5,-3.25
LUMINEX PLC,LUMX.N0000,747536,63,6.5,6.9,6.9,6.5,6.7,0.2,3.08
MADULSIMA PLANTATIONS PLC,MADU.N0000,131172,43,14.5,14.5,14.5,14,14,-0.5,-3.45
MAHARAJA FOODS PLC,MFPE.N0000,194719,59,12,12,12.1,11.8,11.9,-0.1,-0.83
MAHAWELI COCONUT PLANTATIONS PLC,MCPL.N0000,3872,39,47.6,47.6,49.9,47.6,49.2,1.6,3.36
MAHAWELI REACH HOTELS PLC,MRH.N0000,10389,16,23.3,23.6,23.6,21.8,23.4,0.1,0.43
MALWATTE VALLEY PLANTATION PLC,MAL.X0000,2202,11,41.6,41.9,42.5,41.8,42,0.4,0.96
MALWATTE VALLEY PLANTATION PLC,MAL.N0000,1893,15,62.1,62.2,62.5,60.6,62.5,0.4,0.64
MARAWILA RESORTS PLC,MARA.N0000,456284,88,8.3,8.3,8.5,8.3,8.4,0.1,1.2
MASKELIYA PLANTATIONS PLC,MASK.N0000,7851,23,117.25,117.5,119,114,114.75,-2.5,-2.13
MELSTACORP PLC,MELS.N0000,573498,194,171,171,174,171,173.5,2.5,1.46
MERCANTILE SHIPPING COMPANY PLC,MSL.N0000,433,41,607.25,560.5,640,560.5,603.25,-4,-0.66
MERCHANT BANK OF SRI LANKA & FINANCE PLC,MBSL.N0000,701710,64,8.7,8.9,8.9,8.5,8.9,0.2,2.3
MILLENNIUM HOUSING DEVELOPERS PLC,MHDL.N0000,225111,47,7.1,7.3,7.3,7,7,-0.1,-1.41
MULLER & PHIPPS (CEYLON) PLC,MULL.N0000,68068,21,2,1.9,2,1.9,1.9,-0.1,-5
MYLAND DEVELOPMENTS PLC,MDL.N0000,113360,67,17.2,17.6,19,16.6,18.3,1.1,6.4
NAMUNUKULA PLANTATIONS PLC,NAMU.N0000,11585,75,638.25,635,660,620,647.25,9,1.41
NATIONAL DEVELOPMENT BANK PLC,NDB.N0000,129640,126,142,142,143.5,142,142.75,0.75,0.53
NATIONS TRUST BANK PLC,NTB.X0000,702,27,407.75,407.75,422.75,405,409.75,2,0.49
NATIONS TRUST BANK PLC,NTB.N0000,59532,123,310.25,310.25,311.75,306,309.5,-0.75,-0.24
NAWALOKA HOSPITALS PLC,NHL.N0000,153781,77,8.8,9,9.2,8.8,9.1,0.3,3.41
ODEL PLC,ODEL.N0000,22208,22,11.7,11.9,11.9,11.4,11.8,0.1,0.85
OFFICE EQUIPMENT PLC,OFEQ.N0000,154,9,189.75,194.75,194.75,194.5,194.5,4.75,2.5
ON'ALLY HOLDINGS PLC,ONAL.N0000,5241,15,49.2,49.5,51,49.1,49.7,0.5,1.02
OVERSEAS REALTY (CEYLON) PLC,OSEA.N0000,544490,154,38.1,38.3,38.3,37.9,38,-0.1,-0.26
PALM GARDEN HOTELS PLC,PALM.N0000,1720,6,80.4,79.7,80.5,79.2,80.3,-0.1,-0.12
PAN ASIA BANKING CORPORATION PLC,PABC.N0000,1204035,308,63.9,64,64.6,63.5,64,0.1,0.16
PANASIAN POWER PLC,PAP.N0000,4927431,688,29,29,30.2,29,29.7,0.7,2.41
PARAGON CEYLON PLC,PARA.N0000,1033,19,119.25,120,120,110,112.75,-6.5,-5.45
PEGASUS HOTELS OF CEYLON PLC,PEG.N0000,4100,7,50,49,50,47.6,49.5,-0.5,-1
PEOPLE'S INSURANCE PLC,PINS.N0000,84450,43,39.3,38.5,40,38.5,39.5,0.2,0.51
PEOPLE'S LEASING & FINANCE PLC,PLC.N0000,2019930,294,26.3,26.5,27.6,26.3,27.4,1.1,4.18
PGP GLASS CEYLON PLC,GLAS.N0000,10719,28,58.1,58.1,58.2,58,58.2,0.1,0.17
PMF FINANCE PLC,PMB.N0000,366495,121,15.9,15.9,16,15.3,16,0.1,0.63
PRIME LANDS RESIDENCIES PLC,PLR.N0000,2262555,364,34.2,34,34.3,33.4,33.6,-0.6,-1.75
PRINTCARE PLC,CARE.N0000,53605,31,55.2,55.2,57,54,55,-0.2,-0.36
R I L PROPERTY PLC,RIL.N0000,9186520,1116,36.5,37.1,38.5,37,38.2,1.7,4.66
RADIANT GEMS INTERNATIONAL PLC,RGEM.N0000,3024,12,82.1,84.9,85,80.2,80.3,-1.8,-2.19
RAIGAM WAYAMBA SALTERNS PLC,RWSL.N0000,384042,169,27.1,27,28.3,26.9,27.1,0,0
RAMBODA FALLS PLC,RFL.N0000,5119,20,46.8,45.7,47,45,45.2,-1.6,-3.42
RENUKA AGRI FOODS PLC,RAL.N0000,5443411,220,5.2,5.2,5.4,5.1,5.3,0.1,1.92
RENUKA CITY HOTELS PLC.,RENU.N0000,6564,37,825.25,840,875,840,841.75,16.5,2
RENUKA FOODS PLC,COCO.N0000,115326,84,21.4,21.4,22.9,21.4,22.2,0.8,3.74
RENUKA FOODS PLC,COCO.X0000,84006,27,16.4,16.4,17,16.2,16.5,0.1,0.61
RENUKA HOLDINGS PLC,RHL.X0000,10071,12,26.1,24.8,26.5,24.8,26.5,0.4,1.53
RENUKA HOLDINGS PLC,RHL.N0000,442897,64,30.9,31,31.6,31,31.4,0.5,1.62
RENUKA HOTELS PLC,RCH.N0000,2744,30,275,274.75,274.75,260,262,-13,-4.73
RESUS ENERGY PLC,HPWR.N0000,102329,40,46,47,47,45.8,46,0,0
RICHARD PIERIS AND COMPANY PLC,RICH.N0000,12752,30,27,27.3,27.4,26.9,27,0,0
RICHARD PIERIS EXPORTS PLC,REXP.N0000,273,14,366,370,374,370,373.25,7.25,1.98
ROYAL CERAMICS LANKA PLC,RCL.N0000,458428,126,45,44.4,45.2,44.4,45,0,0
ROYAL PALMS BEACH HOTELS PLC,RPBH.N0000,2,1,80.1,82.8,82.8,82.8,80.1,0,0
SAMPATH BANK PLC,SAMP.N0000,290185,322,145.25,146,146.25,145,146,0.75,0.52
SAMSON INTERNATIONAL PLC,SIL.N0000,1123,26,275,280,299,280,298.75,23.75,8.64
SANASA DEVELOPMENT BANK PLC,SDB.N0000,185975,74,47.2,47.2,47.4,47,47,-0.2,-0.42
SARVODAYA DEVELOPMENT FINANCE PLC,SDF.N0000,3044,13,31.4,31.4,31.4,30.8,31.4,0,0
SATHOSA MOTORS PLC,SMOT.N0000,502,33,1105.25,1150,1160,1007.25,1148.25,43,3.89
SENKADAGALA FINANCE COMPANY PLC,SFCL.N0000,41,2,625,641,641,641,625,0,0
SERENDIB HOTELS PLC,SHOT.X0000,115437,28,15.7,15.7,16,15.7,15.9,0.2,1.27
SERENDIB HOTELS PLC,SHOT.N0000,308642,52,25.8,25.9,26.3,25.9,26,0.2,0.78
SERENDIB LAND PLC,SLND.N0000,10,1,1632,1525,1525,1525,1632,0,0
SEYLAN BANK PLC,SEYB.N0000,3607,35,99.9,100,100,99.5,99.7,-0.2,-0.2
SEYLAN BANK PLC,SEYB.X0000,295104,74,71.1,71.5,71.5,70.6,70.8,-0.3,-0.42
SEYLAN DEVELOPMENTS PLC,CSD.N0000,60587,90,28.5,28.5,28.9,28,28.5,0,0
SIERRA CABLES PLC,SIRA.N0000,3664120,1074,27.5,27.6,27.6,26.7,27,-0.5,-1.82
SIGIRIYA VILLAGE HOTELS PLC,SIGV.N0000,2082,29,117.25,120,125.5,120,122,4.75,4.05
SINGER (SRI LANKA) PLC,SINS.N0000,123903,187,83.8,83.8,84.4,82.7,83.7,-0.1,-0.12
SINGER FINANCE LANKA PLC,SFIN.N0000,26907,86,66,65.5,67,65.3,65.4,-0.6,-0.91
SINGHE HOSPITALS PLC,SINH.N0000,5851792,360,7.8,8,9.3,7.8,8.8,1,12.82
SMB FINANCE PLC,SEMB.N0000,12455520,98,0.8,0.8,0.8,0.7,0.7,-0.1,-12.5
SMB FINANCE PLC,SEMB.X0000,2304252,43,0.3,0.4,0.4,0.3,0.3,0,0
SOFTLOGIC CAPITAL PLC,SCAP.N0000,271604,61,5.6,5.7,5.7,5.5,5.5,-0.1,-1.79
SOFTLOGIC FINANCE PLC,CRL.N0000,78299,34,5.5,5.5,5.6,5.4,5.6,0.1,1.82
SOFTLOGIC HOLDINGS PLC,SHL.N0000,108870,54,6.8,6.9,7,6.7,6.8,0,0
SOFTLOGIC LIFE INSURANCE PLC,AAIC.N0000,90061,154,75.6,75.8,78,75.5,75.9,0.3,0.4
SRI LANKA TELECOM PLC,SLTL.N0000,52648,53,65.4,65,66.7,65,65.2,-0.2,-0.31
STANDARD CAPITAL PLC,SING.N0000,32436,134,56.9,62.3,62.3,52,53,-3.9,-6.85
SUNSHINE HOLDINGS PLC,SUN.N0000,955457,364,32.5,32.6,32.7,32.1,32.3,-0.2,-0.62
SWISSTEK (CEYLON) PLC,PARQ.N0000,569776,311,89.7,91,94,90.9,92.3,2.6,2.9
TAL LANKA HOTELS PLC,TAJ.N0000,868,9,45.9,47.1,47.1,45.6,47.1,1.2,2.61
TALAWAKELLE TEA ESTATES PLC,TPL.N0000,8403,104,179,179.25,179.75,174.75,175.25,-3.75,-2.09
TANGERINE BEACH HOTELS PLC,TANG.N0000,316,5,150,149.75,149.75,149,149,-1,-0.67
TEA SMALLHOLDER FACTORIES PLC,TSML.N0000,70128,48,54.6,54.5,54.9,52.6,54.4,-0.2,-0.37
TEEJAY LANKA PLC,TJL.N0000,339724,149,41.6,41.9,42,41.7,42,0.4,0.96
TESS AGRO PLC,TESS.N0000,345182,65,1.6,1.6,1.6,1.5,1.5,-0.1,-6.25
TESS AGRO PLC,TESS.X0000,261534,25,1.1,1.1,1.2,1,1.1,0,0
THE LIGHTHOUSE HOTEL PLC,LHL.N0000,2954,15,89.6,89.6,89.6,88,88.2,-1.4,-1.56
THE AUTODROME PLC,AUTO.N0000,13913,125,149,150,185,150,178.5,29.5,19.8
THE COLOMBO FORT LAND AND BUILDING PLC,CFLB.N0000,1567,26,85.9,83.6,85.6,80,81.1,-4.8,-5.59
THE FORTRESS RESORTS PLC,RHTL.N0000,36146,26,35.7,35.3,36.5,33.9,35.6,-0.1,-0.28
THE KANDY HOTELS COMPANY (1938) PLC,KHC.N0000,7646651,780,20.3,20.5,24,20.3,23.6,3.3,16.26
THE KINGSBURY PLC,SERV.N0000,206247,93,22.8,22.9,22.9,22.4,22.7,-0.1,-0.44
THE LANKA HOSPITALS CORPORATION PLC,LHCL.N0000,46734,72,97.4,98.9,98.9,92.6,98.2,0.8,0.82
THE NUWARA ELIYA HOTELS COMPANY PLC,NEH.N0000,30,10,4520,4699.5,4699.5,4402.25,4520,0,0
THREE ACRE FARMS PLC,TAFL.N0000,2129,42,602,613,613,600,603.25,1.25,0.21
TOKYO CEMENT COMPANY (LANKA) PLC,TKYO.N0000,128636,138,89.1,90,91.5,88.7,90.4,1.3,1.46
TOKYO CEMENT COMPANY (LANKA) PLC,TKYO.X0000,55065,37,75,75,76.5,75,76.5,1.5,2
TRANS ASIA HOTELS PLC,TRAN.N0000,3255,6,67.9,68.9,68.9,65.5,65.6,-2.3,-3.39
UB FINANCE PLC,UBF.N0000,1342275,139,2.5,2.6,2.6,2.5,2.5,0,0
UDAPUSSELLAWA PLANTATIONS PLC,UDPL.N0000,14231,80,188,188,189,177,186.5,-1.5,-0.8
UNION ASSURANCE PLC,UAL.N0000,4345,21,78.8,80.2,82.8,78.2,78.6,-0.2,-0.25
UNION BANK OF COLOMBO PLC,UBC.N0000,557496,102,15.6,15.6,15.6,15.3,15.3,-0.3,-1.92
UNION CHEMICALS LANKA PLC,UCAR.N0000,46,10,1198,1178,1180,1170,1198,0,0
UNITED MOTORS LANKA PLC,UML.N0000,451439,590,237,237,264,237,262,25,10.55
VALLIBEL FINANCE PLC,VFIN.N0000,49260,110,120.75,120,120,117,118,-2.75,-2.28
VALLIBEL ONE PLC,VONE.N0000,32086,112,98.8,99.8,99.8,98,98.4,-0.4,-0.4
VALLIBEL POWER ERATHNA PLC,VPEL.N0000,733822,183,17.2,17.5,17.9,17.4,17.5,0.3,1.74
VIDULLANKA PLC,VLL.X0000,69972,26,16,16.5,16.5,16.1,16.3,0.3,1.88
VIDULLANKA PLC,VLL.N0000,608201,141,18.5,18.3,19,18.3,18.4,-0.1,-0.54
WASKADUWA BEACH RESORT PLC,CITW.N0000,235798,46,2.1,2.2,2.2,2.1,2.2,0.1,4.76
WATAWALA PLANTATIONS PLC,WATA.N0000,1685159,641,44.4,44.5,44.5,43,43.3,-1.1,-2.48
WINDFORCE PLC,WIND.N0000,81809,59,29.5,30,30.2,29.7,30,0.5,1.69
YORK ARCADE HOLDINGS PLC,YORK.N0000,661,8,245.5,250,250,230.5,245.25,-0.25,-0.1
